{
    "network_stats": {
        "num_nodes": 20,
        "num_edges": 123,
        "avg_degree": 12.3,
        "avg_key_rate": 1116.0633544921875,
        "avg_qber": 0.062195248901844025,
        "max_distance": 12.071895599365234
    },
    "model_performance": {
        "final_metrics": {
            "auc_mean": 0.8477838888888888,
            "auc_std": 0.04340419890651192,
            "ap_mean": 0.8191633312773405,
            "ap_std": 0.04768780534237337
        },
        "convergence": {
            "final_train_loss_mean": 0.6069138765335083,
            "best_epoch_mean": 10.4
        }
    }
}